paths,category
images/apple/agriculture-1239300_640.jpg,apple
images/apple/appetite-1239055_640.jpg,apple
images/apple/appetite-1239059_640.jpg,apple
images/apple/appetite-1239060_640.jpg,apple
images/apple/apple-1035543_640.jpg,apple
images/apple/apple-1036197_640.jpg,apple
images/apple/apple-1045330_640.jpg,apple
images/apple/apple-1078436_640.jpg,apple
images/apple/apple-1078692_640.jpg,apple
images/apple/apple-1090121_640.jpg,apple
images/apple/apple-1102078_640.jpg,apple
images/apple/apple-1112047_640.jpg,apple
images/apple/apple-1112048_640.jpg,apple
images/apple/apple-1122537_640.jpg,apple
images/apple/apple-1149111_640.jpg,apple
images/apple/apple-1160257_640.jpg,apple
images/apple/apple-1181850_640.jpg,apple
images/apple/apple-1218166_640.png,apple
images/apple/apple-1227315_640.jpg,apple
images/apple/apple-1227320_640.jpg,apple
images/apple/apple-1235366_640.jpg,apple
images/apple/apple-1244032_640.jpg,apple
images/apple/apple-1253442_640.jpg,apple
images/apple/apple-1253450_640.jpg,apple
images/apple/apple-1271398_640.jpg,apple
images/apple/apple-1357482_640.jpg,apple
images/apple/apple-191004_640.jpg,apple
images/apple/apple-195628_640.jpg,apple
images/apple/apple-256263_640.jpg,apple
images/apple/apple-256266_640.jpg,apple
images/apple/apple-302289_640.jpg,apple
images/apple/apple-386222_640.jpg,apple
images/apple/apple-387431_640.jpg,apple
images/apple/apple-472304_640.jpg,apple
images/apple/apple-476353_640.jpg,apple
images/apple/apple-495675_640.jpg,apple
images/apple/apple-496977_640.jpg,apple
images/apple/apple-543698_640.jpg,apple
images/apple/apple-565383_640.jpg,apple
images/apple/apple-565384_640.jpg,apple
images/apple/apple-657758_640.jpg,apple
images/apple/apple-693861_640.jpg,apple
images/apple/apple-693991_640.jpg,apple
images/apple/apple-694000_640.jpg,apple
images/apple/apple-694157_640.jpg,apple
images/apple/apple-694202_640.jpg,apple
images/apple/apple-699997_640.jpg,apple
images/apple/apple-700001_640.jpg,apple
images/apple/apple-700005_640.jpg,apple
images/apple/apple-700011_640.jpg,apple
images/apple/apple-708519_640.jpg,apple
images/apple/apple-708521_640.jpg,apple
images/apple/apple-769432_640.jpg,apple
images/apple/apple-782516_640.jpg,apple
images/apple/apple-805819_640.png,apple
images/apple/apple-839840_640.jpg,apple
images/apple/apple-845056_640.jpg,apple
images/apple/apple-871316_640.jpg,apple
images/apple/apple-893271_640.jpg,apple
images/apple/apple-913321_640.jpg,apple
images/apple/apple-928434_640.jpg,apple
images/apple/apple-929650_640.jpg,apple
images/apple/apple-932685_640.jpg,apple
images/apple/apple-941813_640.jpg,apple
images/apple/apple-947675_640.jpg,apple
images/apple/apple-949090_640.jpg,apple
images/apple/apple-970494_640.jpg,apple
images/apple/apple-978644_640.jpg,apple
images/apple/apple-996363_640.jpg,apple
images/apple/apple-996410_640.jpg,apple
images/apple/apple-tree-1262424_640.jpg,apple
images/apple/apple-tree-360083_640.jpg,apple
images/apple/apple-tree-429213_640.jpg,apple
images/apple/apples-1111415_640.jpg,apple
images/apple/apples-1111416_640.jpg,apple
images/apple/apples-1181878_640.jpg,apple
images/apple/apples-1181882_640.jpg,apple
images/apple/apples-214148_640.jpg,apple
images/apple/apples-379870_640.jpg,apple
images/apple/apples-490474_640.jpg,apple
images/apple/apples-684787_640.jpg,apple
images/apple/apples-982808_640.jpg,apple
images/apple/apples-986133_640.jpg,apple
images/apple/chalkboard-apples-1206906_640.jpg,apple
images/apple/chalkboard-apples-1206910_640.jpg,apple
images/apple/food-1283621_640.jpg,apple
images/apple/fresh-952504_640.jpg,apple
images/apple/fruit-1095326_640.jpg,apple
images/apple/fruit-1160546_640.jpg,apple
images/apple/fruit-1234656_640.png,apple
images/apple/fruit-basket-1247411_640.jpg,apple
images/apple/fruits-943752_640.jpg,apple
images/apple/green-214133_640.jpg,apple
images/apple/green-214134_640.jpg,apple
images/apple/green-apple-958379_640.jpg,apple
images/apple/macro-741674_640.jpg,apple
images/apple/nature-1347915_640.jpg,apple
images/apple/red-apple-1260546_640.jpg,apple
images/apple/red-apple-662918_640.jpg,apple
images/apple/yellow-green-apple-828532_640.jpg,apple
images/bird/adler-947819_640.jpg,bird
images/bird/animal-175033_640.jpg,bird
images/bird/animal-200823_640.jpg,bird
images/bird/animal-201564_640.jpg,bird
images/bird/animal-202585_640.jpg,bird
images/bird/animal-483860_640.jpg,bird
images/bird/arctic-tern-361770_640.jpg,bird
images/bird/bald-eagle-723540_640.jpg,bird
images/bird/banner-1090835_640.jpg,bird
images/bird/barn-owl-1107397_640.jpg,bird
images/bird/bird-113496_640.jpg,bird
images/bird/bird-1374914_640.jpg,bird
images/bird/bird-162843_640.jpg,bird
images/bird/bird-197052_640.jpg,bird
images/bird/bird-253681_640.jpg,bird
images/bird/bird-386725_640.jpg,bird
images/bird/bird-62696_640.jpg,bird
images/bird/bird-741174_640.jpg,bird
images/bird/bird-757222_640.jpg,bird
images/bird/bird-915445_640.jpg,bird
images/bird/birds-196369_640.jpg,bird
images/bird/birds-216412_640.jpg,bird
images/bird/birds-217591_640.jpg,bird
images/bird/birds-433965_640.jpg,bird
images/bird/black-stork-208599_640.jpg,bird
images/bird/blossom-1324088_640.jpg,bird
images/bird/blue-tit-1376809_640.jpg,bird
images/bird/bullfinch-818188_640.jpg,bird
images/bird/canada-geese-348290_640.jpg,bird
images/bird/cape-crane-176488_640.jpg,bird
images/bird/collared-1386776_640.jpg,bird
images/bird/common-redstart-182136_640.jpg,bird
images/bird/duck-822846_640.jpg,bird
images/bird/eagle-20977_640.jpg,bird
images/bird/eagle-377202_640.jpg,bird
images/bird/eagle-377204_640.jpg,bird
images/bird/eagle-485957_640.jpg,bird
images/bird/flamingo-487039_640.jpg,bird
images/bird/flamingos-1379649_640.jpg,bird
images/bird/flying-54986_640.jpg,bird
images/bird/frigate-bird-891293_640.jpg,bird
images/bird/geese-210656_640.jpg,bird
images/bird/geese-348076_640.jpg,bird
images/bird/golden-eagle-627943_640.jpg,bird
images/bird/golden-eagle-818809_640.jpg,bird
images/bird/golden-pheasant-317503_640.jpg,bird
images/bird/goose-1227556_640.jpg,bird
images/bird/goose-15030_640.jpg,bird
images/bird/goose-15032_640.jpg,bird
images/bird/goose-168560_640.jpg,bird
images/bird/goose-178143_640.jpg,bird
images/bird/goose-379393_640.jpg,bird
images/bird/goose-809464_640.jpg,bird
images/bird/greenfinch-818185_640.jpg,bird
images/bird/gull-199884_640.jpg,bird
images/bird/gull-591350_640.jpg,bird
images/bird/gulls-370012_640.jpg,bird
images/bird/hahn-1314888_640.jpg,bird
images/bird/hen-213429_640.jpg,bird
images/bird/hen-213435_640.jpg,bird
images/bird/hornbill-356655_640.jpg,bird
images/bird/hornbill-57239_640.jpg,bird
images/bird/hummingbird-1047836_640.jpg,bird
images/bird/inca-tern-227568_640.jpg,bird
images/bird/jay-548381_640.jpg,bird
images/bird/kestrel-1208032_640.jpg,bird
images/bird/kingfisher-bird-863495_640.jpg,bird
images/bird/merle-552070_640.jpg,bird
images/bird/nature-768562_640.jpg,bird
images/bird/nilgans-197240_640.jpg,bird
images/bird/osprey-67786_640.jpg,bird
images/bird/owl-1019062_640.jpg,bird
images/bird/owl-50267_640.jpg,bird
images/bird/paloma-321352_640.jpg,bird
images/bird/peacock-816981_640.jpg,bird
images/bird/peacock-90051_640.jpg,bird
images/bird/pelican-400289_640.jpg,bird
images/bird/pelicans-234597_640.jpg,bird
images/bird/pelikan-1294995_640.jpg,bird
images/bird/robin-185448_640.jpg,bird
images/bird/robin-634413_640.jpg,bird
images/bird/robin-818126_640.jpg,bird
images/bird/seagull-183229_640.jpg,bird
images/bird/seagull-279645_640.jpg,bird
images/bird/seagull-374385_640.jpg,bird
images/bird/seagull-4911_640.jpg,bird
images/bird/seagull-79658_640.jpg,bird
images/bird/sparrow-204399_640.jpg,bird
images/bird/sparrow-50346_640.jpg,bird
images/bird/sparrow-827374_640.jpg,bird
images/bird/sparrow-9950_640.jpg,bird
images/bird/stork-782060_640.jpg,bird
images/bird/swan-1114270_640.jpg,bird
images/bird/swan-2515_640.jpg,bird
images/bird/swan-271442_640.jpg,bird
images/bird/swan-319379_640.jpg,bird
images/bird/tawny-owl-175969_640.jpg,bird
images/bird/tern-205782_640.jpg,bird
images/bird/tweeter-201809_640.jpg,bird
images/bird/whimbrel-621376_640.jpg,bird
images/cat/animal-339400_640.jpg,cat
images/cat/black-cat-1332741_640.jpg,cat
images/cat/bobcat-165190_640.jpg,cat
images/cat/cat-1041324_640.jpg,cat
images/cat/cat-1044750_640.jpg,cat
images/cat/cat-1045782_640.jpg,cat
images/cat/cat-1046544_640.jpg,cat
images/cat/cat-1057829_640.jpg,cat
images/cat/cat-111793_640.jpg,cat
images/cat/cat-1151519_640.jpg,cat
images/cat/cat-1192026_640.jpg,cat
images/cat/cat-1209067_640.jpg,cat
images/cat/cat-1230295_640.jpg,cat
images/cat/cat-1232940_640.jpg,cat
images/cat/cat-1246468_640.jpg,cat
images/cat/cat-1255858_640.jpg,cat
images/cat/cat-1286595_640.jpg,cat
images/cat/cat-1288218_640.jpg,cat
images/cat/cat-1288519_640.jpg,cat
images/cat/cat-1318434_640.jpg,cat
images/cat/cat-1325390_640.jpg,cat
images/cat/cat-1332740_640.jpg,cat
images/cat/cat-1333926_640.jpg,cat
images/cat/cat-1334621_640.jpg,cat
images/cat/cat-1337547_640.jpg,cat
images/cat/cat-1344468_640.jpg,cat
images/cat/cat-1344529_640.jpg,cat
images/cat/cat-1350953_640.jpg,cat
images/cat/cat-1360681_640.jpg,cat
images/cat/cat-1360682_640.jpg,cat
images/cat/cat-1362608_640.jpg,cat
images/cat/cat-1365648_640.jpg,cat
images/cat/cat-1366116_640.jpg,cat
images/cat/cat-1366167_640.jpg,cat
images/cat/cat-1366215_640.jpg,cat
images/cat/cat-1366929_640.jpg,cat
images/cat/cat-1373895_640.jpg,cat
images/cat/cat-1378185_640.jpg,cat
images/cat/cat-1378188_640.jpg,cat
images/cat/cat-1378201_640.jpg,cat
images/cat/cat-1378520_640.jpg,cat
images/cat/cat-1379064_640.jpg,cat
images/cat/cat-1383990_640.jpg,cat
images/cat/cat-1391857_640.jpg,cat
images/cat/cat-1393075_640.jpg,cat
images/cat/cat-1400812_640.jpg,cat
images/cat/cat-1404517_640.jpg,cat
images/cat/cat-1405145_640.jpg,cat
images/cat/cat-1407703_640.jpg,cat
images/cat/cat-169095_640.jpg,cat
images/cat/cat-179842_640.jpg,cat
images/cat/cat-181608_640.jpg,cat
images/cat/cat-188088_640.jpg,cat
images/cat/cat-194858_640.jpg,cat
images/cat/cat-201855_640.jpg,cat
images/cat/cat-205757_640.jpg,cat
images/cat/cat-207583_640.jpg,cat
images/cat/cat-246933_640.jpg,cat
images/cat/cat-300572_640.jpg,cat
images/cat/cat-323262_640.jpg,cat
images/cat/cat-334383_640.jpg,cat
images/cat/cat-351926_640.jpg,cat
images/cat/cat-360807_640.jpg,cat
images/cat/cat-401124_640.jpg,cat
images/cat/cat-468232_640.jpg,cat
images/cat/cat-520894_640.jpg,cat
images/cat/cat-558228_640.jpg,cat
images/cat/cat-56753_640.jpg,cat
images/cat/cat-590684_640.jpg,cat
images/cat/cat-61079_640.jpg,cat
images/cat/cat-618470_640.jpg,cat
images/cat/cat-636172_640.jpg,cat
images/cat/cat-649164_640.jpg,cat
images/cat/cat-667909_640.jpg,cat
images/cat/cat-67345_640.jpg,cat
images/cat/cat-686803_640.jpg,cat
images/cat/cat-694730_640.jpg,cat
images/cat/cat-72568_640.jpg,cat
images/cat/cat-725793_640.jpg,cat
images/cat/cat-75957_640.jpg,cat
images/cat/cat-76116_640.jpg,cat
images/cat/cat-783704_640.jpg,cat
images/cat/cat-914110_640.jpg,cat
images/cat/cat-93986_640.jpg,cat
images/cat/cat-98359_640.jpg,cat
images/cat/cats-796437_640.jpg,cat
images/cat/domestic-cat-726989_640.jpg,cat
images/cat/kitten-227009_640.jpg,cat
images/cat/kitten-408798_640.jpg,cat
images/cat/kittens-555822_640.jpg,cat
images/cat/kitty-551554_640.jpg,cat
images/cat/lynx-103313_640.jpg,cat
images/cat/lynx-414730_640.jpg,cat
images/cat/pallas-cat-275930_640.jpg,cat
images/cat/red-1044914_640.jpg,cat
images/cat/siamese-1337680_640.jpg,cat
images/cat/siamese-468814_640.jpg,cat
images/cat/sphynx-814164_640.jpg,cat
images/cat/tabby-114782_640.jpg,cat
images/cat/thai-cat-1316057_640.jpg,cat